0,1,2,3,4,5,6,7,8,9
1.0115854603756222,1.0162441043655197,2.300891382261269,1.0228983546949613,1.0201370437276391,2.2726149891809904,1.055655097536668,2.0049342927711207,1.0663014762792205,1.8403924793857178
1.170057857986656,1.1908692345108332,1.3667657125585486,1.2253849766060798,1.0000175763503014,1.0,1.0,1.0001257490912663,1.0001390066665847,1.0000836289802721
1.0,1.0257174449466895,1.0,1.000303479796961,1.0216610765202163,1.0000366812226364,1.0,1.0258519498611882,1.0283358072485769,1.0000668741894156
1.001789056074531,1.0,1.0495880211132735,1.0015901937161502,1.0008592063282837,1.314254719014142,1.005319302889711,1.0206767683235634,1.0,1.0183382199242352
1.2585125889311857,1.0,1.0,1.000384937751774,1.2015842590764076,1.3769558226769683,1.189927220815729,1.000044561573302,1.0004063920822481,1.0001746378494134
1.0023507808579986,1.0059778755564943,2.7933585149188525,1.0044416375591732,1.0016257289966652,2.343298209956956,1.0052720412025522,2.3280004112038357,1.007714474212972,1.9605012429653828
1.0,1.0,1.1641910565136824,1.0,1.0,1.3699607596703114,1.0,1.0743498082553877,1.0,1.0709770742258287
1.0,1.014122665810376,1.0,1.0080843479316943,1.0138984954608459,1.0,1.0319595275726245,1.0078343569194068,2.325629092880759,1.0115044509270537
2.306203167483562,2.12998397276201,2.5295520659046264,2.138973854119567,1.001024726576659,1.0010188073413893,1.004531450264001,1.0004443244494157,1.000900476575625,1.0024765410466767
1.0047451916976822,1.6168505272711557,1.5833095047112589,1.012854065872217,1.462466911192235,1.5580533938803023,1.0591218352429368,5.0,1.9251958403174494,1.6051509154834869
1.0001159994288407,1.00022089414598,1.0,1.3386574560360427,1.0000764016183616,1.0,1.229699921917975,1.0000621149359246,1.4024238545520615,1.2133094970812095
1.000226373437009,1.164455484968082,1.0,1.0,1.8395808411074883,1.0,1.0005769118274688,1.1784868445766334,1.2008102051835283,1.0
1.148559337296651,1.1382170445274586,1.4218184482049556,1.2726221713752488,1.0,1.0,1.0,1.0001117424646586,1.0,1.000194631704903
1.0,1.0017821662780217,1.0,2.12077935718553,1.002003318188834,1.0,2.145454062242538,1.0,2.389493299666234,2.2402322429697525
1.1013498512245363,1.0786434335165478,1.087230852710062,4.593633879541361,1.1404967112193063,1.077690052765292,5.0,1.0770053475935828,4.707998333873283,4.026978243352135
1.0008065846422711,1.000827052334833,2.5649512493199946,1.0075277524295612,1.0008134722781938,2.232873849822608,1.0064236807403462,2.1360231160170535,1.0183815293703633,2.2117930267896573
1.0,1.0005961724089287,1.4174680633922538,1.0001563401228344,1.0004336280315433,1.198106018995395,1.0,1.430985768788551,1.0000779420101042,1.164494870190367
1.3866487863483459,1.0,1.0002234479328613,1.000120278893291,1.204368198244858,1.2828679769915547,1.267798058556377,1.0000118352751608,1.0,1.0
1.5679333880491981,1.0001452051179052,1.0013362072678067,1.0,2.5055768574709747,1.8025607350656203,1.5463975375384265,1.0011677766627132,1.008229448934571,1.0
1.0026277516362752,1.956482823675604,1.0021601463399414,1.002608663858333,2.154427653878996,1.002361128130784,1.018162573656383,2.098837344874384,2.2211038415492848,1.0116973225304782
1.00045373660833,1.3395639509529258,1.0009910487607925,1.0019204836125737,1.3117373283374298,1.0002816467555242,1.0092507679119882,1.4073499961942957,1.4410736534724864,1.0040156394587532
1.0,1.0004356451624803,1.455260264467663,1.0,1.0,1.1020842760015976,1.0,1.5770538578458106,1.0004841183569602,1.088707815248859
1.0000570034861793,1.0005844999255815,1.5959586482399089,1.0001447636259326,1.0000876041962137,1.351547222184942,1.0003389707154227,1.5552378726671785,1.0,1.2284345931914338
1.0062603087879691,1.0238690601756697,1.019548277810113,1.0060068507239308,1.0104476147643446,1.0093950665519407,1.010471162570188,1.0509794187116612,1.0168924314121162,1.0102987379998338
1.0002223113694975,1.3893224679156024,1.0024790614410604,1.0001231794516117,1.1987954239879623,1.0002344945980306,1.0003090325440809,1.6330028289491856,1.2923732267909105,1.000870856295804
1.0002159889972397,1.1235801934079395,1.0016558841422423,1.000411387344411,1.067964015630514,1.0,1.0022017884917451,1.1662106348393135,1.1105044245748168,1.0
1.0,1.0375565028685267,1.0194532926153883,1.0,1.0132730777016852,1.0115894252106874,1.0009466929980966,2.745287457684152,1.0592590822188133,1.015657494948862
1.0184493454278614,3.461168240725446,1.0391686343389077,1.034671347249625,3.281736239384046,1.0087211496104722,1.103439787810146,3.5720789511597753,3.856245815154844,1.076607563414202
1.0002165424185745,1.0001184199175877,1.0744077416235982,1.0001319812570724,1.0025291819159852,1.1058043533515292,1.0006254385170723,1.0674121659668803,1.0006579810918532,1.023276190985646
1.0101255311463375,1.0090588120829982,1.0048532115941675,1.0061468608024322,1.0136702412408003,1.0114936431775339,1.0121313763959696,1.005866972448163,1.0196738592328074,1.0036346010714476
1.0000138924633373,1.0,1.0,1.0319643216856416,1.0000640507185956,1.0,1.0069393582457749,1.0,1.0121257811926196,1.0208757784759743
1.0284227918365458,1.046872612865052,1.0216859418741153,1.8597501046546525,1.0457870324043295,1.0271830501482293,2.279118445429889,1.0263658098041928,2.423482836745202,1.832374525586332
1.013762793482575,1.0620679757548863,1.0343808256055738,1.0162694147085,1.000187176637891,1.0,1.0,1.0004260917809304,1.001202768210712,1.0
2.743209907236708,1.0087962992303425,1.005700376697884,1.0099417227690461,1.0081470282914935,1.0077105462331923,1.0269432904867086,1.0,1.0,1.0
3.226431055339769,2.8016441399684897,2.839851866332303,2.5121026690595087,1.0228193024263201,1.0122299744871686,1.0346876028918697,1.007420887350028,1.0413581154583509,1.0210041226226816
1.0,1.0,1.000192365127871,1.0111209966262893,1.0,1.0,1.0325244309913144,1.0,1.0385621449324396,1.0124264137780068
1.0002590606278714,1.3097298110798747,1.0013749879425784,1.00256580741861,1.4088546290859156,1.0,1.0115537626187234,1.2105226956631685,2.081579823362503,1.0015729609236572
1.0439303281697376,3.5825853504311063,1.023028565821431,1.0669381543534315,3.9480712871683594,1.0267443601691075,1.183483888907182,3.3492281303602054,3.9172196408513082,1.099428320507369
1.0091521517020285,1.0234609861049337,3.4179994112502765,1.0,1.014768486887055,2.304967456486763,1.0349863347492507,2.328987993138937,1.0,1.8066600521931981
3.5312056213762704,1.0020598705315253,1.0,1.0183661200037888,3.3177986978496974,3.4979311125698347,3.375520812158282,1.0097890030590635,1.0114453369755658,1.0180996234201622
3.415251946468806,3.1014125858676405,3.9858791538162537,3.222918068625413,1.0052059069752899,1.0,1.0316539796839,1.0160832378097169,1.0437453878621883,1.0168081561732127
1.0168336729724075,1.0,1.0,3.2572041710214643,1.0036380185889227,1.0,3.6196148571545734,1.0,3.745339658402196,2.904906510937758
1.1358454062774146,1.1632922703469075,1.2420802076461805,1.1366597410886998,1.0670166631849565,1.094449298685748,1.0531773363869614,1.160768773115208,1.128815094291444,1.1052770452430964
1.0,1.0,2.2741229185227168,1.0060515516942121,1.0,2.154583513377583,1.0,1.8619344834270208,1.0,1.618414147305264
1.0,1.0,1.0043728606277158,1.0,1.0,1.000637295356596,1.0,1.0054661262304574,1.0,1.0007745763332028
1.0004217031429754,1.0004324041777217,1.044366651724108,1.1592272615346957,1.0,1.0351205007915125,1.2087084541274444,1.0420461954910987,1.3134891313436974,2.459381104397851
1.330162928365807,1.0,1.0,1.0007693467182384,1.4637904891946045,1.5249545534501476,1.2308121739442457,1.0000591426897478,1.0006112846023174,1.0005068290686174
2.2389825652755233,1.9665294811091283,2.265729133692773,1.914924300819254,1.0094779091916946,1.0071417640913176,1.0167649303090798,1.0048018006752533,1.0226847353253032,1.0083411150435786
1.0007570216369193,1.0001791303763627,1.0008241972260825,1.654034469503908,1.0,1.0,1.1392040133636199,1.0009167532564975,1.2890377112082234,1.1637394080730001
1.235468624973591,1.0003062064915824,1.0,1.0003033537563686,1.5644374434641446,1.2457537863669481,1.4070369118528148,1.0000373119825878,1.0015879609898721,1.000194968711489
1.0142056582855161,2.7804675477164036,1.0446801948213245,1.0295823895485063,2.8676903287772406,1.0146511830607352,1.0168947637235348,2.8682788840201896,3.2035734978775126,1.0181782054036914
1.0445496882849203,1.0,1.0,1.0,1.0455832290418123,1.0717416154498989,1.0613485790879378,1.0,1.0,1.0
1.0002575542281762,1.4946931269222006,1.0014986289119634,1.0020668730487075,1.1009723897572872,1.0,1.0004375839686634,1.2455460572495107,1.1977235580498813,1.0000269043335182
1.3946198558145186,1.0001212203809942,1.0001394368501155,1.0001801365692788,1.1259920054551797,1.2809871982837957,1.1563289192627824,1.000099704176324,1.0002694165652746,1.0002083962677917
1.0001216800602568,1.0,1.0,1.007416323978953,1.0002805008409617,1.0001568703119765,1.1249707684051422,1.0,1.0427967555697681,1.0048301049444868
1.0336339096135225,1.0250033616594811,3.4793756538512746,1.0422805460325575,1.0179297339641016,2.7962269742485923,1.0535724302408174,2.6143405889884765,1.0632357967937136,2.274715152466859
1.4965183141528304,1.0000710289616959,1.0,1.0001319385545397,1.379034971467915,1.5061783997260467,1.3595181456816168,1.0,1.0,1.0000678386588182
1.0,1.000014430635739,1.0,1.0396504954223205,1.0000162213567887,1.0,1.0411027629519032,1.000084403534618,1.0779364084596148,1.0566955941165674
1.0,1.0,1.0,1.5760566175430326,1.0,1.0,2.2381991258632823,1.000569108100898,2.453240595491664,1.5959489792051746
1.0186534029482273,1.0069068808942903,1.6050283541701598,1.0165799857116653,1.0113473363457166,1.4288564471309053,1.031031831707269,1.3338640662775525,1.0324728165353272,1.39945281594699
1.0000929402192666,1.0000476493236519,1.0,1.3885948904502017,1.0000178540685634,1.0000199698032703,1.1281795400616499,1.0,1.2415984463475194,1.188771868819758
1.2344447647193284,1.0964593034862886,1.048689450747899,1.0394286591721833,1.0001496261664335,1.0,1.0,1.0,1.0,1.0000678026005796
1.0,1.0001651393768678,1.2464244797164903,1.0000446184207608,1.0,1.038788955329429,1.0,1.0664375812836746,1.0003002957019138,1.0648553092568687
1.0001880396860763,1.0308498135491915,1.0,1.0767880426777698,1.0437809965469174,1.0,1.1298681895664,1.0432768975492284,1.739642746806009,1.0522989160851215
1.0,1.000751224023297,1.0,1.0,1.000844444633657,1.0,1.0,1.0010984610103553,1.000834810922258,1.0
1.0005628203519223,1.464691050170713,1.0015647345059875,1.000428794379189,1.4036403065410785,1.0001036556782088,1.0002049064981515,1.3856117637456127,1.3957830568148588,1.0003464569361078
1.0001778419945766,1.0020059035599158,1.0,1.1308852591883212,1.0038946880438036,1.0,1.208032402186379,1.0015998666777768,1.9649957704154077,1.120243036161775
1.0006288912997425,1.5472551945414486,1.0029158649286025,1.0019165266751962,1.6235384837850302,1.0010064713888551,1.006245108817607,1.5679453690257956,1.6336233638767552,1.0036698317810613
1.543666349708786,1.353309836102157,1.754330926897858,1.415696525432837,1.0002261689225858,1.0005059405786276,1.0,1.0014219788695164,1.0,1.0006661700267159
1.9464798491634059,1.0001354970314729,1.0,1.0,2.3113222294326317,1.9989068948166855,1.8927717569781657,1.0005448508754504,1.0010540142328983,1.0010352888928136
1.8873242190058825,2.0846748513249507,2.152322392585461,1.9824920854047068,2.5784486327661815,2.1085680308064028,2.706932618799984,2.096051423324151,2.458272735220021,1.805732981605717
1.0,1.0,2.1598929384359247,1.0,1.0010072482343657,1.4119632502359831,1.0,2.303904552847378,1.0,1.2670122481784907
1.000168392124874,1.1981505856114092,1.0,1.0,1.4959426197813763,1.000173673320724,1.0004291466780557,1.1666467447369615,1.271928432382194,1.0
1.0220376882894195,1.0257499686013347,1.0130567862299893,2.2739938291098403,1.017603482800728,1.0179716448875746,2.286523693125876,1.0205935205010706,2.5435805736356487,2.091264160242642
3.58248812611748,1.0572413352703933,1.0476313328009141,1.0837047064705265,1.0667403116851928,1.066610003385391,1.1664851577814113,1.0,1.006090361433089,1.0013958377232697
1.0,1.019132185438907,1.0000980280029343,1.0,1.0206920586094308,1.0,1.0,1.0184738799431452,1.0237706256459271,1.0
1.108293367116098,3.5773643771601673,1.0615557629410068,1.2425453101985378,4.132548405896511,1.0714881468235606,1.3258620748671048,3.4125321582312336,4.771776326391325,1.223863194714341
1.057293278386809,1.0,1.0,1.0,1.0731513947795468,1.0449991294767726,1.0554553157511,1.0,1.0002279234631388,1.0000223874234744
1.02431698306608,1.0,1.0,1.03945171558707,1.0542415295897503,1.0290941682856927,1.704426940422816,1.0018360781152875,1.094088942847841,1.0361837551941484
3.7506659997072607,1.0027352185748,1.005243758782138,1.0121938131092558,3.2081012988712274,3.826846036095074,3.122166714820476,1.0036662211189613,1.0010131865995553,1.0118427204505551
1.6815231841481126,1.5051641496954549,1.7084073882802475,1.4770233850099677,1.000421323752082,1.0004188900156392,1.001966646287827,1.0007155249244353,1.0003239577814003,1.0
1.0,1.1136541909501094,1.0,1.0,1.119940808071105,1.0021858082137762,1.003780791608803,1.4699667345216225,1.081141250798706,1.0004981232290258
1.0,1.1925514054505961,1.0008663930284816,1.0,1.180824759139797,1.0,1.0029417692893836,1.3620711907810499,1.3474795536396977,1.0001644283731554
1.3706013908908865,5.0,1.8624617049610959,1.6854033810978573,1.5108056237472351,1.0007141710991119,1.0155295041894368,1.981740315359159,1.826901769052228,1.0225683125776897
1.0,1.0,1.0089190201733036,1.0001059040514377,1.000048066145288,1.0119889388805832,1.0,1.0068360518804407,1.0,1.005761078246312
1.0814715324345252,1.0,1.0702979774569574,1.0,1.0936284089045796,3.4241326050516996,1.2088548399416057,1.0594549958711807,1.0027384693548063,1.10788861712108
1.085724262730398,1.1307111144908397,1.2900824407616032,1.2086480226069456,1.0001472810617142,1.0,1.0,1.000167636438474,1.0,1.0
1.2477659886480943,1.2313325776763604,1.265904683210695,1.2271336242281132,1.2636370897373508,1.2761985119416126,1.3014367484140892,1.2550417335100323,1.347766341806949,1.2248616111553248
4.108367544550644,3.5213077910478416,4.279703448541399,3.1854402826742083,1.0136850843741052,1.0045920364042344,1.0393359871775356,1.0160215103611328,1.127172226633355,1.065114180789649
1.001585830017078,1.010896791820998,1.7165935373333034,1.0064959928829598,1.0046289796987518,1.620638728570773,1.0123343920687666,1.7144952278175336,1.0258612314818243,1.4477745063952754
1.018294196971938,2.6902862773605616,1.0653152527311605,1.019588187874077,2.453807286417277,1.0248597969957858,1.0390622538920495,3.275132724569972,2.692439891538024,1.0577181912166573
1.096696643410222,1.0,1.0,1.0,1.059125554549788,1.0675975537253062,1.1103779210415703,1.0,1.0,1.0001113263798682
1.0,1.0001202862503673,1.4277768306648464,1.0005617807718545,1.0,1.2780576158115171,1.0002135447436344,1.254594922470805,1.0005728723437055,1.3921139020970756
1.0074007174151731,1.9416172907998068,1.0051635659182805,1.006988394858405,2.5073201747831186,1.009541027899867,1.0289551586474703,2.0538210144603126,2.2131458718316277,1.012494581702915
1.7588677830989057,1.6197642395070373,1.71372132958811,1.5820288209139282,1.00912956161751,1.0075504701352123,1.0284707342144408,1.0080848376051328,1.025753282816176,1.0144728690482376
1.004201364901739,1.0069327058339077,2.03104341614696,1.0088607203041664,1.0045539321530357,2.030840185245495,1.0144653051969794,1.821613682263053,1.0255534884073398,1.6747315546424981
1.6912965659116483,1.593773216895411,1.9840899212201335,1.545509368218813,1.0,1.0,1.0017152976481707,1.0,1.0012549806579638,1.000095875500089
1.0002178448303454,1.0006328896196273,1.000599527357824,1.3808431560899508,1.0011508360494086,1.0002808462325432,1.5184887790691304,1.000353840537849,1.6269799411522228,1.4489667097934606
1.317196835956474,1.3220917167015218,1.2817580799853163,1.3641333513045943,1.4226404111177087,1.3401527579541523,1.6354556979178874,1.3357023483104038,1.6954299251195297,1.3800293825767254
1.0,1.0,1.0,1.0,1.0,1.0,1.0,1.0,1.0,1.0
1.0,1.0,1.076904852334894,1.0,1.0001450854217313,1.1488091720719011,1.0,1.043596258852787,1.000382480634472,1.02383255423226
1.6003554206291408,1.0,1.0,1.0,1.0997886379106616,1.1956076264195366,1.0896902448471135,1.0,1.0,1.0000689312347313
2.6837477192288244,1.0683395992086222,1.0496480266523056,1.0808426334969035,4.2532247004840364,2.913488309526938,2.850504333422072,1.0437185413456598,1.308770619690888,1.0608042421564294
1.0002064668052413,1.2789515976160102,1.0013725690582584,1.0002002003713553,1.250957568408813,1.0001451878075667,1.0003348417249593,1.3892608753644176,1.303616410515867,1.0002646944743439
1.0187806582326155,1.0141895390552038,1.008160940487981,3.5062236080398494,1.004557240578666,1.0159290019611977,3.885601001406607,1.0062986048127205,4.105243582615707,3.0920737871228314
1.0000989009928296,1.455273106718401,1.0006999014028333,1.0005123760891046,1.3006501390587293,1.0002805076283483,1.0,1.5484786441756597,1.5135709361373713,1.0005113984464642
1.0,1.1595755605804992,1.000844906230045,1.0,1.3152008295422375,1.0006926377500733,1.0,1.184735439931194,1.2203885424052894,1.0002806133781543
1.003226756228271,1.2835303540718295,1.0047417087690567,1.0066630954426599,1.3527763862921818,1.003023347395851,1.0224233032758505,1.286855407137733,1.381862921121842,1.0144636054566851
1.00985902520747,1.0,1.0,1.0498748206302078,1.0306819174439255,1.011947668791472,2.686436148829202,1.0,1.0943658728483427,1.0310509468329327
1.0003632178904693,1.057603251835349,1.0008568053895808,1.0002459767164065,1.0058611120392085,1.0,1.0,1.0086225914416997,1.0059781908136607,1.0
1.215068674874225,1.2057024982141695,1.4619917390781356,1.3760803553543506,1.000063600015304,1.0,1.0,1.0000965200361662,1.0002514977788497,1.0003026114258065
1.303060726078052,1.3766899339448297,1.7175602077361156,1.6537822371215487,1.0,1.0005454260077955,1.0019766961268382,1.000898628930125,1.005142152122953,1.0027621551555008
1.610619189424716,1.0016337782906586,1.0,1.005882833611089,1.3454063715362399,1.4058519522699275,1.4763438327874212,1.0008269465906399,1.005865671184656,1.0021605487040028
1.019176950426809,1.0208202611573085,1.7996318028089189,2.0931934626673847,1.0143023718524138,1.8987531870509153,2.3554899414207826,1.7682875264270614,2.3843567599216877,5.0
2.523605135403039,1.0890694807059287,1.0842263601610345,1.1015026945734687,1.0,1.0,1.0,1.0,1.0,1.0
1.0,1.0070708910625787,1.0044364401845,2.7432937479363755,1.0010838631041041,1.0008082017042454,1.3426965183387038,1.0,1.6893303963525852,1.5866774414850973
1.0119196624214817,2.114251109626977,1.0,1.0,3.3108656827500407,1.000512228861701,1.0283520659483347,2.0970152032268077,2.080226528787362,1.0028015606454328
1.0303093270094168,3.422706365358147,1.068247675690318,1.0608780729238014,3.64077024325578,1.0444032711474571,1.221196443508163,3.889811726734804,3.6467497520938177,1.1273650989548876
1.0024654116756238,2.2516276956933448,1.002584769903364,1.0008348072664819,2.4961411905810236,1.0,1.0174530336298395,2.4071244832583734,2.5675642326162658,1.0089065570309728
1.5163263167870755,1.538674962341669,1.5581450610448724,1.3444610944335886,1.0012829274548882,1.000656674935368,1.0017308196232688,1.0004384249407219,1.0040413352524853,1.0006946691415328
1.3604252934680146,1.2347536946024817,1.229983456656772,1.157967493481241,1.000497965185903,1.0002888017635607,1.0007340183955802,1.000491815876431,1.0002552584895306,1.0001378979988291
1.0885383259758161,1.0689452522532963,1.0660062722051227,2.6965430195212945,1.1477809917576582,1.0554566988960563,3.1457046932594555,1.0654349775784753,3.4146134006978723,2.4488314848538293
1.0,1.0,1.1273858481552652,1.0001293773929483,1.0000489332284113,1.0460842527049274,1.0,1.0522907539372721,1.0,1.0320967636786578
1.0150566189276253,1.0276349611541664,1.0257998041473408,1.026876515744955,1.0324686391686022,1.0275083234479117,1.0541196725172686,1.0344060492409846,1.0970219289477854,1.0357295429042783
1.000239838006386,1.0002869114224295,1.0010843751421825,1.4790737516532468,1.0005989559221058,1.0010306663448993,1.5259092357212234,1.0008090935623684,1.5826033161877149,1.5421929942079062
1.5771571296057276,1.6255254657733151,2.1904144771825904,2.1316399916540876,1.0,1.0,1.0,1.0016167229783068,1.0,1.0012671950432044
1.0,1.0,1.0019780238709761,1.2431871987032301,1.0,1.0018017173646867,1.2557253267799264,1.0023049219687874,1.356709796428406,1.8991436433168052
1.0045253788007698,1.0102084701288314,1.0288226335485142,2.629400877175793,1.0438146129920334,1.0151687442893624,3.052858041745744,1.0441028359395705,3.2420545334015363,3.16732555278282
3.6038399644235883,1.0474781698082696,1.026969373672533,1.1332682282474782,4.177151095179116,4.212433308074484,4.480374954634637,1.0381403031047027,1.2631533908220605,1.1249524937022624
1.0,1.000101617006301,1.242268961672638,1.0004781839436585,1.0000380756086058,1.1250372730117189,1.0,1.1237360409234078,1.000451694749457,1.4621396739875219
1.0056076767654047,1.0201249152483938,4.150936763756219,1.0487042784927063,1.0084025495170776,3.5570509189023105,1.0571645700719936,3.1389385181292697,1.0638976182788116,3.1123323431222047
1.0027699102228027,1.0041385753653276,1.0054139046738246,1.731009240638909,1.0088481838694396,1.002346641943578,1.9477353321872668,1.0042123478153389,2.1228932185376763,1.888502505202211
1.0002900594734017,1.4280616643621866,1.0,1.0,1.2776588028535407,1.0,1.0,1.4627291980474988,1.418594913292735,1.0001704367071782
1.7190298664902326,1.0067440393955875,1.0035033889774811,1.0084053924456924,1.7451308961579122,1.849568021545338,1.640733881225209,1.0014314826780655,1.031911777168178,1.0094746905492522
1.0,1.0,1.0019439849642955,1.0,1.0,1.0024284056263884,1.0,1.0016474600890841,1.0003577258581093,1.0160795968285445
1.229201087525944,1.2753579595452158,1.2089629585735915,1.3446005083431931,1.2229300692108003,1.2074624611518783,1.276857740744186,1.1988444347541698,1.4598622355160438,1.24061855339348
1.0,1.0,1.0,1.0,1.0,1.0,1.0,1.0,1.0,1.0
3.1153264752321035,1.0061147931292593,1.0100481393128637,1.0493280069036997,3.074841559346939,3.2042934090900803,3.110332699237361,1.015327811595649,1.089307968608173,1.0333722514579744
5.0,2.743537758794454,3.410559746106587,2.535592303838829,1.0044848883154578,1.0156761078419054,1.0272699001914356,1.0065632299599294,1.00665058477778,1.0049537611115538
1.0503738156932023,1.5142421232795942,1.001747474689281,1.099331705982948,1.0341539299492464,1.0,1.0,1.0383189193879616,1.1249278741389013,1.0017411332466046
1.000449682751496,1.000017077547773,1.3441216128753473,1.000152266022049,1.0000575901853208,1.7155186125719974,1.000212224953807,1.267654592665859,1.000341599061474,1.1294140375775161
1.005013177000126,1.003212743838027,2.5787350905405235,1.0066839066788111,1.0014445673776138,1.9379433646692426,1.0135745660542375,1.8956288765735678,1.0121387417267975,1.950480523333448
1.6617946347191888,1.531007471739299,1.5928978401201084,1.3822979154042967,1.0009825916826953,1.0007588542651684,1.0025863840874694,1.0007760280866373,1.0012489196407506,1.0003975519276203
1.0007560220602174,1.0025370400737197,1.2571342475220397,1.003037029895096,1.002079485261206,1.2629826054214022,1.0079696116184675,1.2405915605213051,1.0086537781871934,1.2344068016183578
1.0,1.0004586988579627,1.0021105204712706,1.316689093543919,1.0001546858634942,1.000173016377288,1.0103745671409692,1.0,1.0458763463762104,1.035888837378629
1.0019314038929872,1.000353645485874,1.529314867013749,1.0016816837972302,1.001113083801643,1.9202224734482065,1.0015821277881511,1.3603225476307184,1.001729176999484,1.3946132987731068
1.8035242384490775,1.001073860866526,1.0005545957482604,1.0026704966110374,1.681011636603563,1.7968994779341925,1.6185549041011122,1.0006569328446393,1.0053578835683883,1.0008539921651183
2.3363504164178144,2.045419185906251,3.519128621256562,2.151414643349204,1.0115980756194929,1.0447759292992869,1.0388795582815036,1.0399072278620585,1.052520581869922,1.1070622582511787
1.0008448000700263,1.0031105801417874,1.0048008936761463,1.0034521730520207,1.000221302347382,1.008316907785652,1.0008807603344918,1.0039150597559383,1.002537820797821,1.0040915229000416
1.0000578849760833,1.000044515388199,1.0865705295301886,1.0,1.0,1.0210817012431441,1.0,1.0486126210015525,1.0001648950296433,1.0931836386427591
2.0027038600540292,1.0017403863260124,1.0008283823355486,1.000980994544834,1.942625178462908,2.170075139795697,1.8724292552334851,1.002413212337548,1.014538607530834,1.0103630567813928
1.0003293376481204,1.0003376948388945,1.3643587306527776,1.0005854603061226,1.0,1.1942467773271828,1.0,1.2675913741593405,1.0,1.2444325374254883
1.02061589279908,1.0066059489375705,4.340371848535732,1.019633216274111,1.0148513837618263,5.0,1.1182139266436226,3.076772148714595,1.0323002990816812,2.7272173491364287
1.021027351336289,2.3854974680324488,1.0349757967016089,1.032142792212611,1.0068359268251095,1.0006082041250173,1.0,1.032638539854796,1.0362471340597421,1.0000528013218135
1.0,1.0014214728326687,1.343367967202817,1.0,1.0,1.0878383204828737,1.0,1.7075043553046507,1.0,1.0542246135975037
1.0100916638222754,1.0309844481495851,2.8504736602279364,1.0311035092434748,1.0,1.014932166383607,1.0013151539516636,1.0527427652877093,1.0019600766716266,1.0311762872899783
1.0000449101605402,1.0000460497896762,1.000600326109412,1.2967859352380078,1.0,1.000212293834832,1.1925105686746982,1.0,1.2533436315308553,1.3271515384157713
1.0906107444416921,1.1302772337999172,1.31627933323551,1.1980320796967439,1.0,1.0,1.0,1.0,1.0,1.0001058317188218
1.000077809438596,1.120760928721634,1.0,1.0,1.3639394047328608,1.000100312170141,1.000396594105809,1.1478577886662582,1.1710453347509038,1.000073152360631
3.6560361882381662,1.0545066197725583,1.051248502794388,1.1310058220401291,3.078932493262551,3.5273068990467222,3.32305373049209,1.050246358763333,1.2496596780988267,1.1144380019144235
1.7616396182347913,1.0001297071577766,1.0,1.0008673666094365,1.4790348689476893,1.561567972382254,1.4474601290003506,1.0004741536850632,1.0007206968137932,1.0002973151034487
1.0001734931801392,1.0001334217751539,1.0,1.049280650502957,1.0002666280891457,1.0001304729692067,1.2313532595412169,1.0000541925257216,1.1051709358069144,1.0286800352343015
1.0,1.0,1.0,1.0,1.0,1.0,1.0,1.0,1.0,1.0
1.0,1.0,1.0,1.0112303090535002,1.000095809107797,1.000089302195903,1.1082144474937499,1.0,1.0809822526157191,1.013393706159816
1.0,1.0001314971910131,1.000033612892052,1.027986792397526,1.0001642387680318,1.0000734805263085,1.0326826610696858,1.0000961394556214,1.0485146848112752,1.0290031311921866
1.0559664772974096,1.0966267815583226,1.0484934108499335,1.0478273300092584,1.0000979122800244,1.0,1.0000721630916434,1.00039270922933,1.00087115737109,1.0000887372492735
1.0893106314887,1.0049692921862226,1.0,1.0,4.344381916975527,1.1347757450385916,1.169382547681654,1.0,1.029977730067076,1.001084821447929
1.440131381577124,1.1002424405541207,1.2269789299200105,1.084756689661755,1.0000870397713366,1.0002336498848927,1.000153959662523,1.0000113222100482,1.0001376748672661,1.0
1.0002525758569136,1.0,1.0007447607935902,1.4586551578539557,1.0,1.0,1.4076158015894276,1.0002840215678879,1.4740095946315233,1.5926076127181426
1.0,1.0093101557784212,2.138676898576327,1.0005646991135269,1.0,1.0009555626357558,1.0,1.0194479615092427,1.0,1.0029035053954523
1.0,1.052568736728013,1.0,1.0964096360607054,1.055344774305726,1.0,1.3307820786071383,1.0284972170686457,3.5253645522145254,1.0658331644400438
1.0108067179995177,1.0254861771914017,3.628254652964537,1.070806244498246,1.01992959885458,3.587879112635302,1.1087864719202511,3.4308360935884727,1.172394558148562,2.816507331816471
1.0,1.7324342206386243,1.626906544779691,1.0809892034576878,1.7471172176397651,1.4328676127829283,1.0792919693559855,4.45106296821219,2.1256170281366584,1.8643275625020297
1.0199560296172159,1.0431172608823571,1.0783880590697135,1.2121750853654727,1.0,1.0,1.0,1.0001001810563883,1.0002030288783743,1.0002442918527779
3.235122844258281,1.0017859659218538,1.0,1.0112794608326992,3.638976183021655,3.206195668450095,2.9353547894776177,1.0,1.0039693721502692,1.0
1.0000840119576024,1.0,1.0,1.5719572311290353,1.0,1.0002166169538549,1.7005487741215082,1.0000629809679387,1.9029144322129932,2.203908197968448
1.5544516667663912,1.9912961571616434,1.6607698853141946,1.4875162501608719,1.000619403951591,1.0,1.0010271513874622,1.0016114522216482,1.0016839283471504,1.0
1.002432481037425,2.166204473299717,1.00199584390585,1.009669013438288,2.3822326220256977,1.0029996159368837,1.0161717439204345,2.2677637148225385,2.3369386762083573,1.0098601473767184
1.136150850983712,1.1903323198680051,1.390650008865438,1.3564254209822466,1.0,1.0,1.0,1.0,1.000230006497354,1.000118608137718
1.1459565819568192,1.002050141645374,1.0,1.0021325938398558,1.3237888612533846,1.1500186154923688,1.2965567317613786,1.0005995550177602,1.0036452095985382,1.0010965127396179
1.0642610000201729,2.549000338577605,1.0159124650838387,1.0540976239818827,1.4783746658273589,1.0,1.0126672084825585,1.3082092655743158,1.6707414251192951,1.0061193656333094
1.0000616109179026,1.084590443041107,1.0,1.0000234696694985,1.3061402678525063,1.0002581442074356,1.0008243297246855,1.078172604707051,1.1216979390007544,1.0
1.1350476496789856,1.14726788920927,1.167856673597309,1.1466784874551408,1.0001255741446708,1.00014045487481,1.0,1.0002100187959528,1.0002837521191934,1.0001341296945234
1.0,1.0,1.0,1.0,1.0,1.0,1.0,1.0,1.0,1.0
1.0004740779423353,1.3487987130076982,1.0020502467958663,1.001685527414371,1.1850940426032415,1.0001222365514257,1.00084573005995,1.3670694332781927,1.2988724976300605,1.001126638801435
1.0,1.0,1.0655521024991736,1.0,1.0001148027312359,1.031863287857949,1.0002175728260243,1.060726581601955,1.0,1.0449920104153836
1.097533364572459,1.034646268729089,1.0941060938111942,1.0459329070960612,1.0004909106791025,1.0,1.0,1.0002483370288249,1.0002156934236535,1.0
1.0001012762571444,1.3360636705057414,1.00035835532294,1.0003086362435933,1.1429391476693418,1.0000217609442617,1.0003441361987835,1.4930215024141282,1.2561900836438915,1.0000925697839091
1.000227925457839,1.000300483305914,1.5005999404427697,1.0008434376884958,1.0000187650426589,1.4669992247760018,1.0014521678663584,1.3625455537099933,1.0012614655978382,1.302318421596294
1.000417798484244,1.0029131229602817,1.0,1.9220716348284648,1.0012520594887633,1.0011849796305357,2.1631414414265446,1.0011901965390337,2.2977600768755875,1.8617207574344117
1.020019000338228,1.0411791597067486,2.862157273638259,1.0602632896381003,1.0488216855866321,2.833509165387334,1.1455889352409212,2.403117046526924,1.1454895905441613,2.1949496787426654
1.1937173091633706,1.0007326628219546,1.0001872809309096,1.000217751117597,1.4694040777567445,1.3502309866522593,1.155673525678056,1.0005951779427054,1.0016645548969612,1.0002239215644804
1.2622263297936824,1.4741145571514211,1.9384995330704509,1.8097957023209474,1.0,1.0,1.001125325836204,1.0001891579025146,1.0012938099159263,1.002223942750235
1.0006110813899356,2.0257246219358143,1.0012355696333268,1.002793377293516,1.342914113304976,1.0,1.0,1.9537795562766505,1.6756167268373567,1.0004787556091954
1.0003006262543064,1.0005724733334285,1.0,1.0655701041261176,1.0002475048000297,1.0,1.1855165016976548,1.0002575651374854,1.1871321673409136,1.0651065454897393
1.0001357880861683,1.222251970948408,1.0,1.0,1.4730561933217619,1.0,1.000129770779384,1.193513830908945,1.219788317064435,1.0000797880310859
1.0,1.0,1.3410397853979132,1.001621679291582,1.0,1.1664540466644489,1.001142026150887,1.1768718314356577,1.0024254223696185,1.771192523274986
1.019803022734714,1.0113711020337488,1.0,1.002011636527972,2.240478249776147,1.0330189532284082,1.3768271863398558,1.0130641868904513,1.2196315775667355,1.0080676982675234
1.0000598698207228,1.0001381253906219,1.0,1.2023614273109327,1.0,1.0,1.0756024020894026,1.0,1.0848993874583162,1.0719997776084438
1.0031855557460558,1.0062189814277673,1.00387210113764,1.0042816423032581,1.0,1.0,1.0,1.0,1.0,1.0
1.0,1.0001408129649867,1.1587342475702314,1.0,1.0,1.0850990965699467,1.0,1.5002700659346946,1.000834564728289,1.0278301074927094
2.745230412705417,2.6059504533915803,3.722564064633458,3.6562198286149843,1.005763842452238,1.0,1.0229394937118794,1.002249297094658,1.009116938525554,1.0227232348265007
1.000153920717915,1.0003156531440331,1.0009682349842945,1.356335780074393,1.0002365487039016,1.000198435068063,1.247520069038878,1.0001538523178013,1.3131252516124867,1.2517520726921891
1.4321659635429418,1.0015138507534571,1.000616726576987,1.0031166620432466,1.3797819948178711,1.4740758893563393,1.330909741267757,1.00129126397233,1.0071847943160859,1.003144735401333
1.4886302736203263,1.0042164071205413,1.0013857229591046,1.0102041208175456,1.4862181171595101,1.3855546060459498,1.6040723697984949,1.0015413374313336,1.0251681328551034,1.0069494945620947
1.1525299804244944,1.0000870584712025,1.0,1.0,1.1901126594832914,1.0821485748885975,1.1537361685099103,1.000010608279873,1.000257987357099,1.0
1.041580154665643,1.0,1.0,1.0,1.0198968287428563,1.1068330274646705,1.0166661498341634,1.0000313594142758,1.0,1.0
1.0469378187512586,1.5938517079628935,1.106203698089086,1.0537135588953068,1.0719878453812575,1.0012349465685706,1.0185534378500758,1.0670721034088104,1.1174466931361566,1.0013508718326531
1.0,1.0,1.0,1.021735226788995,1.0000813127210568,1.0,1.011362523512407,1.0,1.0405783873227676,1.0155639994466583
1.8292906945209855,1.6759288493176316,1.9125987369826218,1.6661951150976508,1.0099029776360597,1.0067151255695033,1.029764891169777,1.0105470396205882,1.0390988168981816,1.0197730532163023
1.029230213636821,1.0468734291840585,1.0943553857476742,1.7203275826651212,1.0,1.0,1.0,1.0,1.0035059852325,1.0032715138785315
1.0021752063319402,1.0031454412991276,1.0030260677401714,2.055010735455879,1.0,1.0,1.0143562563114328,1.0,1.0238960101979162,1.0148132505145737
1.0,1.0411650051129884,1.000414905605168,1.0003350068159331,1.016522536070225,1.0,1.0,1.0955961885140355,1.0270563875336274,1.0
1.0031323301333313,1.001546429621988,1.0,1.0,2.4089153204948657,1.0041129914080131,1.0091653580596256,1.001217587066761,1.005816451873798,1.0
1.0814911993272154,1.0,1.0,1.0000671315269278,1.1928665694353082,1.0802565977989378,1.1414349868763751,1.0,1.0002677427165987,1.0000345169216616
1.0,1.0,1.0,1.152049638154952,1.0,1.0,1.135221310777839,1.0,1.208195404412492,1.279994681326833
1.0309007905590941,3.6753094490513027,1.120431559168858,1.0962163545841885,3.934510883854045,1.0155885459700593,1.1266856594451808,3.619692598226932,3.917872755594075,1.1242048570304446
1.1110013870021913,1.0,1.0,1.0,1.1256414566400954,1.0674872278434662,1.2446211916197858,1.0000680131137785,1.000620265149555,1.0
1.0002718556124697,1.0011150166132468,1.0009619323279368,1.3155095717972394,1.0004700178140746,1.0000584128501289,1.1966462545395609,1.0005774364581066,1.2340832114928881,1.2768476178282409
1.0,1.0,1.0,1.0003747461899999,1.0,1.0,1.0084614674175434,1.0,1.0025221571773977,1.0003853654303776
1.0001804064337239,1.0002959750124873,1.0003404528439497,1.3657431377481444,1.0,1.0000697741605677,1.4661098559749317,1.0001217202280281,1.5105465794653083,1.3955557197072275
1.0,1.000016619954235,1.0,1.2302811189531497,1.0,1.0,1.3069160299270708,1.0000607554176746,1.4937191024709935,1.3884680196748955
1.2912685736221654,1.0,1.0000339316521796,1.0,1.121628157315464,1.1251742983281317,1.1387155519523895,1.0,1.0001966857938223,1.0000563475283168
1.0058107114818486,1.0087080838884088,3.689746656056313,1.0333726985709084,1.0144254293110648,3.5959845246120787,1.038730121078533,2.9146721583273707,1.053987538060903,2.6035090698845695
1.2565098341779182,1.0002695902261034,1.0,1.0001752703455793,1.5520516772448731,1.3235540294438117,1.2454464845149618,1.0003818836255847,1.0010111057378113,1.0
1.0446931304099185,1.0,1.0281677710007175,1.0025992542902276,1.0599686232659842,1.7756508758141043,1.1325938254750711,1.0313309666375825,1.0132175235946708,1.0284664889280961
2.4334762056193555,1.0013120919786191,1.0003551217476019,1.0013763308602348,1.6987610629305394,2.3852551604999586,1.8164280415589316,1.0005078588810645,1.0022300128308659,1.000648693906363
1.042065829388295,1.0792016289239321,1.9020549807802758,1.0942117641639724,1.0025078841639392,1.0362321840264042,1.0023104440360846,1.0888970697552582,1.007437820106978,1.0613677266838506
1.0612690212163256,1.0115355194360316,1.030229437192595,1.0120939704018794,1.0,1.0000545247671186,1.0001077845351636,1.0,1.0,1.000088360064652
1.000182200309861,1.0001245491865995,1.3138239409830068,1.0,1.0,1.1857026537126016,1.000232168392008,1.1669465249708622,1.0001038056073561,1.186735550983716
1.0,1.0,1.0,1.0,1.0,1.0,1.0,1.0,1.0,1.0
1.3428482698853186,1.0000790955997971,1.0002183561781264,1.0003996294482593,1.3471607245551374,1.4148918695105335,1.2504116343752845,1.0,1.0009844394320917,1.0000362606302369
1.2585273340364704,1.000060415397363,1.0000347471796311,1.0,1.2759791871626351,1.342181582853179,1.18048995572491,1.0000552131890506,1.0002014130220558,1.0002077265097553
1.559776291597621,1.7188018868623747,2.210687529438813,1.9105688939718577,1.0,1.0,1.00247099488068,1.0012114481853516,1.010311606760996,1.002785313702335
1.8748385157995593,1.002139819333458,1.0022376200289573,1.0089613276877631,1.8868463597095633,2.0266695259017644,1.7540795215785734,1.0046933565104026,1.01513216669283,1.0076793885063664
1.1293939777178705,1.1383061875104565,1.2441850148838993,5.0,1.0,1.0,1.371729512113832,1.0002939465384733,1.428916797995759,1.2982868935696854
1.0,1.0000813332088507,1.0000748444864398,1.176750368515266,1.0001279963705514,1.0001636161579421,1.3090434301052507,1.0000475710871852,1.4120016863337521,1.1866186370096865
1.1546681067707973,3.383141921223043,1.0651519922705972,1.2903829542947807,5.0,1.1014796467291708,1.4504812240833551,3.1968295050145583,5.0,1.2044840172164621
1.727980779987232,1.6952563699627583,1.8671780164869183,1.5883512110662252,1.0006921899212515,1.0004424088550077,1.0004372768129903,1.0012702166519976,1.001466342535775,1.000218444268366
2.2568019886099506,1.8760996818046305,2.374921436515968,1.8411774065617514,1.002470275039247,1.0002302505373044,1.003868852849654,1.002075292099455,1.00549470992945,1.0024486807910193
1.011464116120262,1.0078366844653066,1.0090143471603465,3.3582162678487473,1.0006292250986546,1.0126682064084935,3.7157205141897296,1.0061387615901096,3.848973816667789,3.3416405097757442
1.0000623876579045,1.4282204796028606,1.0,1.0,1.911303152865549,1.0008847339878149,1.0052468252498552,1.3892662964045601,1.6643946964311467,1.0018084863020802
1.0000305459952115,1.1856872767417528,1.000144111697215,1.0002559919183713,1.244606273112207,1.0000590699879872,1.0011287720821187,1.2214363834347304,1.2135009192301935,1.0005025605467976
1.0000865348767187,1.0199496335216762,1.0,1.000131856172628,1.0320502716136994,1.0,1.0002572894311945,1.011125602265125,1.1798858782942365,1.0001242932178178
1.0163373584887412,1.042149537241372,1.069735011357715,1.0396341294644653,1.0,1.0,1.0,1.0001643234410242,1.0,1.0
2.2081640119379893,1.9592759917575302,2.2765292436691302,1.99784264662099,1.0158175572393526,1.0065358841279028,1.0392059202512005,1.0107465009368375,1.0334653970520171,1.0241737779943907
1.0912348870629005,1.146996640975662,1.2382561463790853,1.1450189805083912,1.0,1.0,1.0,1.0000648916107315,1.0000657553005412,1.0
1.0000290299973567,1.059592844102417,1.0,1.0002211700350192,1.0172154005254703,1.0000935639071102,1.0,1.0707835806304078,1.0413483998662192,1.0000113718682146
1.0004503495924557,1.0019048324037536,1.2673120397764028,1.0,1.0040877572022002,1.4429191942397037,1.0050212495907045,1.7390328820116054,1.008595403792685,1.1564356723371776
1.0010362049156134,1.0000923912517816,1.0,1.0075512662515578,1.0045177461103192,1.000813143494852,2.1357582437769818,1.0,1.036653691664251,1.0047650383268871
2.3170499072644883,2.942425515740852,2.4031724731845605,2.1147100979445357,1.0,1.0,1.0,1.0,1.0,1.0006103822200745
1.0125110553089527,1.007697119654072,4.579890170028458,1.0838795142139726,1.044703383352296,3.7613346877058556,1.153045004796723,3.190962825460408,1.165368821530686,3.4651693018283756
1.0214097231539871,2.7963051249155315,1.0429284230450537,1.0358850059660236,2.8372172290297346,1.0427822965593612,1.072295440412429,3.6815799373040754,2.9760492688352915,1.0280957532722812
1.0,1.0007147299967694,1.5388402915995854,1.0,1.0,1.4404157599253857,1.0,1.548587450986119,1.0003874420940244,1.1928406111545267
1.0242672455552575,1.1767733001445375,1.1737218267556278,1.0213130385785134,1.0621573838045637,1.081037898185358,1.0154612453275202,1.497889140390588,1.0871797348266548,1.0384207465276223
1.000949167302485,1.0012165664217478,2.375690425622939,1.0037362205327724,1.000638181659204,2.2593597958338805,1.003225265592321,2.0225104695549048,1.003965663842954,1.8442072879097426
1.0097106661128936,1.0,1.00885571259015,1.0007627049727468,1.0089425987765905,2.5437114380635975,1.0241097703662556,1.0096438099146903,1.0009125758524127,1.0097255414735855
1.1551598873538014,1.0000902081948475,1.0000345880960528,1.0,1.054233317496161,1.109864819921972,1.0628523713548634,1.0000659524867292,1.0001336605930242,1.0000574376311366
1.120958293100228,1.0,1.0,1.000458641388537,1.1231125324334292,1.1675258081436608,1.0962153604799756,1.0,1.0,1.0000673768542927
1.0,1.00009155740851,1.0478135801123425,1.0001133805314324,1.0,1.0419785912068558,1.0,1.0437334250644403,1.0004069791288221,1.0807525978272117
1.0010266496048563,1.0004805811704798,1.0008423631369656,1.4942638578128993,1.0004373187417606,1.000690552971661,1.6166201818487014,1.001238124617661,1.746557030929671,1.5606915594950448
3.7593252333516967,3.4022405926294854,5.0,3.2430360938640788,1.2744409340154756,1.3390779180950285,1.4768796732101919,1.3774073152525506,1.5835475825000405,1.3971414174188292
1.0129714335504598,1.0991848480983548,1.1732791617835363,1.0244479448271249,1.021536880967873,1.1532769462441976,1.019599250802902,1.286784306258049,1.0582671391071112,1.068899617504946
1.0,1.3537808968373617,1.0,1.0,1.1257502557696952,1.0005441077576256,1.0,1.6960725075528702,1.2290742356210227,1.0
3.62838778757886,3.4893755359658964,4.8606160918930215,3.237992705757811,1.0983568936674921,1.1151122472018837,1.083532421762483,1.181323918799647,1.2987877445326281,1.1421225368850525
2.010421934072696,1.0028714059056152,1.006097676745291,1.0022976058038415,1.5388642722801646,2.207477572752926,1.4316769480979055,1.0029605871831246,1.0013090873303823,1.0020814380063416
1.1277685148241827,1.0,1.0,1.0035599595416562,1.0218798279052408,1.0203311007835278,1.1313634291524581,1.0,1.0086520861567063,1.0013728144983578
1.0,1.0000909020159678,1.0,1.1640129209711372,1.0002213947556473,1.000133339433348,1.1283660566770481,1.0000332298745802,1.2010564389059581,1.2077523290991445
1.093347486684195,1.0016807445871705,1.0,1.0010246683916404,1.125421178465944,1.1680804524418338,1.1907664369398216,1.0006301621190514,1.0044059909057552,1.0013829872577413
1.0010730296353534,1.0019804654263906,1.000899982663115,1.601321160668074,1.0042050909128313,1.002582259198137,1.6531468528218842,1.002895892551065,1.7719740595835982,1.630074252699087
1.0,1.0003887624077572,1.0021464828327937,1.493942755988563,1.0,1.0,1.5331714596453954,1.0009663809566105,1.6424987614043998,1.9409656976215799
1.0770666661896546,1.0,1.0,1.0,1.2516075981951102,1.1281300763412545,1.1053826739170431,1.0,1.0,1.0
